{"cameraMode":{"drawMode":0,"name":"Shaded","section":"Shading Mode"},"sceneLighting":true,"audioPlay":false,"sceneViewState":{"showFog":true,"showMaterialUpdate":false,"showSkybox":true,"showFlares":true,"showImageEffects":true,"showParticleSystems":true},"in2DMode":false,"pivot":{"x":-18.573307037353517,"y":17.292354583740236,"z":-32.6235237121582},"rotation":{"x":-0.2510102391242981,"y":-0.10661055892705918,"z":0.027815917506814004,"w":-0.9617038369178772},"size":5.407395362854004,"orthographic":false}